,Id,SalePrice
0,0.0,128050.0
1,1.0,160650.0
2,2.0,178133.0
3,3.0,178133.0
4,4.0,165200.0
5,5.0,202333.0
6,6.0,205617.0
7,7.0,175667.0
8,8.0,172000.0
9,9.0,138833.0
10,10.0,204091.0
11,11.0,100167.0
12,12.0,91500.0
13,13.0,139867.0
14,14.0,121875.0
15,15.0,277000.0
16,16.0,237064.0
17,17.0,288536.0
18,18.0,243200.0
19,19.0,445750.0
20,20.0,229500.0
21,21.0,193921.0
22,22.0,196112.0
23,23.0,192450.0
24,24.0,163480.0
25,25.0,194600.0
26,26.0,283297.0
27,27.0,230614.0
28,28.0,214512.0
29,29.0,219233.0
30,30.0,187167.0
31,31.0,116165.0
32,32.0,231250.0
33,33.0,310163.0
34,34.0,277533.0
35,35.0,231000.0
36,36.0,227116.0
37,37.0,153457.0
38,38.0,153457.0
39,39.0,153457.0
40,40.0,168500.0
41,41.0,143000.0
42,42.0,204091.0
43,43.0,247988.0
44,44.0,232000.0
45,45.0,173950.0
46,46.0,285667.0
47,47.0,215000.0
48,48.0,187567.0
49,49.0,151067.0
50,50.0,151067.0
51,51.0,160667.0
52,52.0,214833.0
53,53.0,288250.0
54,54.0,197475.0
55,55.0,199167.0
56,56.0,154700.0
57,57.0,140450.0
58,58.0,287792.0
59,59.0,156500.0
60,60.0,160650.0
61,61.0,153000.0
62,62.0,121458.0
63,63.0,129157.0
64,64.0,122133.0
65,65.0,122133.0
66,66.0,84709.0
67,67.0,127250.0
68,68.0,160650.0
69,69.0,137862.0
70,70.0,148725.0
71,71.0,112200.0
72,72.0,146667.0
73,73.0,112036.0
74,74.0,155417.0
75,75.0,104250.0
76,76.0,92017.0
77,77.0,146865.0
78,78.0,193833.0
79,79.0,146250.0
80,80.0,154100.0
81,81.0,141314.0
82,82.0,192957.0
83,83.0,98167.0
84,84.0,112534.0
85,85.0,83554.0
86,86.0,118333.0
87,87.0,107967.0
88,88.0,128780.0
89,89.0,148317.0
90,90.0,141000.0
91,91.0,188607.0
92,92.0,130833.0
93,93.0,112534.0
94,94.0,190333.0
95,95.0,117750.0
96,96.0,177200.0
97,97.0,90000.0
98,98.0,146250.0
99,99.0,148317.0
100,100.0,130802.0
101,101.0,126125.0
102,102.0,117071.0
103,103.0,181250.0
104,104.0,158000.0
105,105.0,277533.0
106,106.0,92017.0
107,107.0,207500.0
108,108.0,178467.0
109,109.0,130637.0
110,110.0,125222.0
111,111.0,152000.0
112,112.0,198826.0
113,113.0,146667.0
114,114.0,181250.0
115,115.0,191750.0
116,116.0,184067.0
117,117.0,113145.0
118,118.0,139380.0
119,119.0,178133.0
120,120.0,138950.0
121,121.0,139867.0
122,122.0,408558.0
123,123.0,278500.0
124,124.0,126071.0
125,125.0,88750.0
126,126.0,129157.0
127,127.0,125980.0
128,128.0,92017.0
129,129.0,153667.0
130,130.0,123033.0
131,131.0,136208.0
132,132.0,117483.0
133,133.0,146250.0
134,134.0,141540.0
135,135.0,192957.0
136,136.0,192957.0
137,137.0,186470.0
138,138.0,159000.0
139,139.0,165200.0
140,140.0,90000.0
141,141.0,103433.0
142,142.0,92017.0
143,143.0,354885.0
144,144.0,272600.0
145,145.0,169317.0
146,146.0,238967.0
147,147.0,216065.0
148,148.0,193000.0
149,149.0,170410.0
150,150.0,146150.0
151,151.0,193000.0
152,152.0,182500.0
153,153.0,139867.0
154,154.0,103167.0
155,155.0,103167.0
156,156.0,122000.0
157,157.0,138833.0
158,158.0,125490.0
159,159.0,278500.0
160,160.0,122833.0
161,161.0,173000.0
162,162.0,288250.0
163,163.0,211500.0
164,164.0,128050.0
165,165.0,141967.0
166,166.0,178133.0
167,167.0,252950.0
168,168.0,180333.0
169,169.0,271750.0
170,170.0,231000.0
171,171.0,209275.0
172,172.0,132997.0
173,173.0,213833.0
174,174.0,180333.0
175,175.0,130488.0
176,176.0,211633.0
177,177.0,191458.0
178,178.0,179856.0
179,179.0,165725.0
180,180.0,222375.0
181,181.0,212100.0
182,182.0,213700.0
183,183.0,231300.0
184,184.0,237150.0
185,185.0,151800.0
186,186.0,168933.0
187,187.0,130488.0
188,188.0,138950.0
189,189.0,114488.0
190,190.0,127100.0
191,191.0,110665.0
192,192.0,100167.0
193,193.0,154333.0
194,194.0,146150.0
195,195.0,147250.0
196,196.0,176083.0
197,197.0,147250.0
198,198.0,139867.0
199,199.0,158357.0
200,200.0,526667.0
201,201.0,265034.0
202,202.0,335139.0
203,203.0,526667.0
204,204.0,288536.0
205,205.0,458967.0
206,206.0,214266.0
207,207.0,349403.0
208,208.0,232200.0
209,209.0,349403.0
210,210.0,375331.0
211,211.0,374175.0
212,212.0,235324.0
213,213.0,282000.0
214,214.0,205617.0
215,215.0,226274.0
216,216.0,205617.0
217,217.0,445750.0
218,218.0,331213.0
219,219.0,322133.0
220,220.0,187493.0
221,221.0,365439.0
222,222.0,173875.0
223,223.0,132997.0
224,224.0,177633.0
225,225.0,159515.0
226,226.0,163480.0
227,227.0,212300.0
228,228.0,212300.0
229,229.0,182288.0
230,230.0,137330.0
231,231.0,212100.0
232,232.0,163480.0
233,233.0,178200.0
234,234.0,143000.0
235,235.0,267333.0
236,236.0,143000.0
237,237.0,279105.0
238,238.0,255500.0
239,239.0,238333.0
240,240.0,238333.0
241,241.0,237064.0
242,242.0,222000.0
243,243.0,351291.0
244,244.0,216065.0
245,245.0,351291.0
246,246.0,214512.0
247,247.0,216065.0
248,248.0,265034.0
249,249.0,216065.0
250,250.0,212480.0
251,251.0,225000.0
252,252.0,365439.0
253,253.0,322133.0
254,254.0,209850.0
255,255.0,216065.0
256,256.0,193921.0
257,257.0,174252.0
258,258.0,216793.0
259,259.0,287792.0
260,260.0,150667.0
261,261.0,138950.0
262,262.0,159000.0
263,263.0,184067.0
264,264.0,191458.0
265,265.0,191458.0
266,266.0,165200.0
267,267.0,172383.0
268,268.0,158000.0
269,269.0,191667.0
270,270.0,112300.0
271,271.0,114488.0
272,272.0,125767.0
273,273.0,143667.0
274,274.0,138833.0
275,275.0,121458.0
276,276.0,275374.0
277,277.0,191750.0
278,278.0,214900.0
279,279.0,225000.0
280,280.0,226274.0
281,281.0,168500.0
282,282.0,169450.0
283,283.0,392333.0
284,284.0,210580.0
285,285.0,179856.0
286,286.0,156500.0
287,287.0,201238.0
288,288.0,146667.0
289,289.0,154000.0
290,290.0,231250.0
291,291.0,119689.0
292,292.0,140450.0
293,293.0,211633.0
294,294.0,136625.0
295,295.0,114488.0
296,296.0,112300.0
297,297.0,148775.0
298,298.0,209945.0
299,299.0,168933.0
300,300.0,151067.0
301,301.0,191667.0
302,302.0,160667.0
303,303.0,112300.0
304,304.0,229502.0
305,305.0,151067.0
306,306.0,288250.0
307,307.0,141000.0
308,308.0,130488.0
309,309.0,138833.0
310,310.0,130488.0
311,311.0,130488.0
312,312.0,140425.0
313,313.0,173950.0
314,314.0,129157.0
315,315.0,116165.0
316,316.0,122133.0
317,317.0,142250.0
318,318.0,116165.0
319,319.0,172667.0
320,320.0,130488.0
321,321.0,112300.0
322,322.0,114511.0
323,323.0,92017.0
324,324.0,96313.0
325,325.0,147000.0
326,326.0,154100.0
327,327.0,84709.0
328,328.0,84709.0
329,329.0,89275.0
330,330.0,171667.0
331,331.0,146812.0
332,332.0,138246.0
333,333.0,130333.0
334,334.0,130700.0
335,335.0,128967.0
336,336.0,114488.0
337,337.0,129157.0
338,338.0,81044.0
339,339.0,128967.0
340,340.0,107967.0
341,341.0,211500.0
342,342.0,214833.0
343,343.0,140150.0
344,344.0,138246.0
345,345.0,118333.0
346,346.0,192957.0
347,347.0,92017.0
348,348.0,101427.0
349,349.0,148967.0
350,350.0,147417.0
351,351.0,105733.0
352,352.0,81044.0
353,353.0,118333.0
354,354.0,83554.0
355,355.0,89275.0
356,356.0,146489.0
357,357.0,137750.0
358,358.0,114511.0
359,359.0,84709.0
360,360.0,146865.0
361,361.0,214833.0
362,362.0,84709.0
363,363.0,111792.0
364,364.0,214833.0
365,365.0,103433.0
366,366.0,111650.0
367,367.0,141314.0
368,368.0,130637.0
369,369.0,148317.0
370,370.0,207756.0
371,371.0,132500.0
372,372.0,148967.0
373,373.0,113145.0
374,374.0,177667.0
375,375.0,146865.0
376,376.0,122133.0
377,377.0,114511.0
378,378.0,98167.0
379,379.0,179167.0
380,380.0,125980.0
381,381.0,112534.0
382,382.0,151800.0
383,383.0,145000.0
384,384.0,214833.0
385,385.0,160650.0
386,386.0,147000.0
387,387.0,84709.0
388,388.0,130637.0
389,389.0,129157.0
390,390.0,125222.0
391,391.0,129157.0
392,392.0,145433.0
393,393.0,147000.0
394,394.0,141000.0
395,395.0,191750.0
396,396.0,208250.0
397,397.0,188607.0
398,398.0,165725.0
399,399.0,150668.0
400,400.0,165725.0
401,401.0,257500.0
402,402.0,257500.0
403,403.0,257500.0
404,404.0,275374.0
405,405.0,335139.0
406,406.0,214900.0
407,407.0,375331.0
408,408.0,280167.0
409,409.0,226274.0
410,410.0,232200.0
411,411.0,170410.0
412,412.0,211500.0
413,413.0,153667.0
414,414.0,204091.0
415,415.0,239650.0
416,416.0,184950.0
417,417.0,232000.0
418,418.0,139867.0
419,419.0,130333.0
420,420.0,458967.0
421,421.0,222500.0
422,422.0,203250.0
423,423.0,231300.0
424,424.0,230280.0
425,425.0,271750.0
426,426.0,186050.0
427,427.0,301488.0
428,428.0,170410.0
429,429.0,126660.0
430,430.0,152400.0
431,431.0,112300.0
432,432.0,128000.0
433,433.0,130802.0
434,434.0,153000.0
435,435.0,103433.0
436,436.0,124500.0
437,437.0,112534.0
438,438.0,139225.0
439,439.0,112534.0
440,440.0,148317.0
441,441.0,160650.0
442,442.0,159064.0
443,443.0,129157.0
444,444.0,209333.0
445,445.0,142667.0
446,446.0,209945.0
447,447.0,122833.0
448,448.0,160506.0
449,449.0,160506.0
450,450.0,176950.0
451,451.0,206500.0
452,452.0,191458.0
453,453.0,90000.0
454,454.0,260000.0
455,455.0,84709.0
456,456.0,280667.0
457,457.0,140150.0
458,458.0,150250.0
459,459.0,210580.0
460,460.0,445500.0
461,461.0,335139.0
462,462.0,231250.0
463,463.0,210580.0
464,464.0,216793.0
465,465.0,396449.0
466,466.0,138246.0
467,467.0,168933.0
468,468.0,118650.0
469,469.0,141000.0
470,470.0,138967.0
471,471.0,122833.0
472,472.0,191458.0
473,473.0,178133.0
474,474.0,213000.0
475,475.0,213833.0
476,476.0,173000.0
477,477.0,174252.0
478,478.0,232450.0
479,479.0,165200.0
480,480.0,178133.0
481,481.0,163607.0
482,482.0,130488.0
483,483.0,276000.0
484,484.0,271750.0
485,485.0,140450.0
486,486.0,260000.0
487,487.0,141833.0
488,488.0,199500.0
489,489.0,183925.0
490,490.0,237150.0
491,491.0,210580.0
492,492.0,174800.0
493,493.0,179856.0
494,494.0,122833.0
495,495.0,215000.0
496,496.0,146812.0
497,497.0,238333.0
498,498.0,163607.0
499,499.0,120910.0
500,500.0,124250.0
501,501.0,113000.0
502,502.0,113000.0
503,503.0,118000.0
504,504.0,127100.0
505,505.0,145000.0
506,506.0,364450.0
507,507.0,365439.0
508,508.0,375331.0
509,509.0,445500.0
510,510.0,319062.0
511,511.0,306750.0
512,512.0,264483.0
513,513.0,255000.0
514,514.0,526667.0
515,515.0,345450.0
516,516.0,325500.0
517,517.0,218521.0
518,518.0,222000.0
519,519.0,156507.0
520,520.0,349403.0
521,521.0,194700.0
522,522.0,184067.0
523,523.0,173047.0
524,524.0,184950.0
525,525.0,198667.0
526,526.0,192450.0
527,527.0,177633.0
528,528.0,214750.0
529,529.0,214750.0
530,530.0,205617.0
531,531.0,237000.0
532,532.0,170410.0
533,533.0,231300.0
534,534.0,213700.0
535,535.0,248500.0
536,536.0,307000.0
537,537.0,526667.0
538,538.0,231300.0
539,539.0,325500.0
540,540.0,271000.0
541,541.0,260000.0
542,542.0,214900.0
543,543.0,283250.0
544,544.0,205617.0
545,545.0,216065.0
546,546.0,243200.0
547,547.0,183333.0
548,548.0,203250.0
549,549.0,187167.0
550,550.0,192450.0
551,551.0,156507.0
552,552.0,191458.0
553,553.0,211500.0
554,554.0,211500.0
555,555.0,209850.0
556,556.0,200167.0
557,557.0,112300.0
558,558.0,138833.0
559,559.0,117071.0
560,560.0,112200.0
561,561.0,174800.0
562,562.0,154333.0
563,563.0,165725.0
564,564.0,241750.0
565,565.0,184067.0
566,566.0,153457.0
567,567.0,165225.0
568,568.0,178200.0
569,569.0,271750.0
570,570.0,184950.0
571,571.0,204091.0
572,572.0,354885.0
573,573.0,160506.0
574,574.0,212100.0
575,575.0,173500.0
576,576.0,173500.0
577,577.0,237331.0
578,578.0,179622.0
579,579.0,229333.0
580,580.0,222375.0
581,581.0,247988.0
582,582.0,130750.0
583,583.0,140450.0
584,584.0,140450.0
585,585.0,140450.0
586,586.0,158000.0
587,587.0,127100.0
588,588.0,130802.0
589,589.0,154333.0
590,590.0,129157.0
591,591.0,126660.0
592,592.0,154500.0
593,593.0,112534.0
594,594.0,160667.0
595,595.0,136208.0
596,596.0,128000.0
597,597.0,190000.0
598,598.0,157667.0
599,599.0,152000.0
600,600.0,139000.0
601,601.0,131000.0
602,602.0,81044.0
603,603.0,149800.0
604,604.0,125767.0
605,605.0,147000.0
606,606.0,147000.0
607,607.0,140450.0
608,608.0,89275.0
609,609.0,89275.0
610,610.0,84709.0
611,611.0,116165.0
612,612.0,138246.0
613,613.0,163450.0
614,614.0,135833.0
615,615.0,125767.0
616,616.0,140425.0
617,617.0,138246.0
618,618.0,128780.0
619,619.0,105733.0
620,620.0,112200.0
621,621.0,139533.0
622,622.0,214833.0
623,623.0,107967.0
624,624.0,137329.0
625,625.0,138950.0
626,626.0,107967.0
627,627.0,113145.0
628,628.0,89275.0
629,629.0,114511.0
630,630.0,141540.0
631,631.0,154333.0
632,632.0,146865.0
633,633.0,112254.0
634,634.0,125767.0
635,635.0,90000.0
636,636.0,78300.0
637,637.0,170883.0
638,638.0,92017.0
639,639.0,160667.0
640,640.0,214833.0
641,641.0,114511.0
642,642.0,92017.0
643,643.0,147000.0
644,644.0,130833.0
645,645.0,89275.0
646,646.0,207756.0
647,647.0,112300.0
648,648.0,137329.0
649,649.0,112254.0
650,650.0,147417.0
651,651.0,142667.0
652,652.0,112534.0
653,653.0,112534.0
654,654.0,141314.0
655,655.0,107967.0
656,656.0,211500.0
657,657.0,112534.0
658,658.0,111650.0
659,659.0,114511.0
660,660.0,122133.0
661,661.0,78300.0
662,662.0,88750.0
663,663.0,141314.0
664,664.0,148317.0
665,665.0,154333.0
666,666.0,141540.0
667,667.0,148725.0
668,668.0,92017.0
669,669.0,147417.0
670,670.0,147000.0
671,671.0,117483.0
672,672.0,112254.0
673,673.0,78300.0
674,674.0,84709.0
675,675.0,78300.0
676,676.0,111792.0
677,677.0,126167.0
678,678.0,150250.0
679,679.0,153667.0
680,680.0,145000.0
681,681.0,137329.0
682,682.0,141000.0
683,683.0,141000.0
684,684.0,138833.0
685,685.0,135417.0
686,686.0,209945.0
687,687.0,109817.0
688,688.0,114488.0
689,689.0,179856.0
690,690.0,89275.0
691,691.0,288250.0
692,692.0,190333.0
693,693.0,139867.0
694,694.0,122000.0
695,695.0,267333.0
696,696.0,359700.0
697,697.0,198300.0
698,698.0,231250.0
699,699.0,160506.0
700,700.0,275374.0
701,701.0,396449.0
702,702.0,349403.0
703,703.0,287792.0
704,704.0,164338.0
705,705.0,158580.0
706,706.0,218750.0
707,707.0,191458.0
708,708.0,227116.0
709,709.0,257500.0
710,710.0,150668.0
711,711.0,145000.0
712,712.0,231250.0
713,713.0,287792.0
714,714.0,237331.0
715,715.0,275374.0
716,716.0,200000.0
717,717.0,203250.0
718,718.0,142967.0
719,719.0,315929.0
720,720.0,156507.0
721,721.0,301488.0
722,722.0,216065.0
723,723.0,138246.0
724,724.0,146150.0
725,725.0,177200.0
726,726.0,145000.0
727,727.0,170410.0
728,728.0,208250.0
729,729.0,120667.0
730,730.0,120667.0
731,731.0,112200.0
732,732.0,101427.0
733,733.0,84709.0
734,734.0,112200.0
735,735.0,129157.0
736,736.0,118333.0
737,737.0,130488.0
738,738.0,192957.0
739,739.0,78300.0
740,740.0,128780.0
741,741.0,168500.0
742,742.0,146489.0
743,743.0,207756.0
744,744.0,118333.0
745,745.0,104250.0
746,746.0,191667.0
747,747.0,193833.0
748,748.0,229502.0
749,749.0,122833.0
750,750.0,112036.0
751,751.0,88750.0
752,752.0,105733.0
753,753.0,147417.0
754,754.0,89275.0
755,755.0,137467.0
756,756.0,122833.0
757,757.0,112534.0
758,758.0,112534.0
759,759.0,112534.0
760,760.0,354885.0
761,761.0,244500.0
762,762.0,255500.0
763,763.0,199633.0
764,764.0,202333.0
765,765.0,392333.0
766,766.0,165725.0
767,767.0,287792.0
768,768.0,224728.0
769,769.0,170410.0
770,770.0,204500.0
771,771.0,179856.0
772,772.0,183925.0
773,773.0,183333.0
774,774.0,244500.0
775,775.0,278300.0
776,776.0,319062.0
777,777.0,186050.0
778,778.0,138950.0
779,779.0,183333.0
780,780.0,151067.0
781,781.0,148775.0
782,782.0,154967.0
783,783.0,137330.0
784,784.0,88000.0
785,785.0,143667.0
786,786.0,137330.0
787,787.0,126071.0
788,788.0,140100.0
789,789.0,139380.0
790,790.0,148725.0
791,791.0,139533.0
792,792.0,132997.0
793,793.0,186000.0
794,794.0,178133.0
795,795.0,163607.0
796,796.0,231300.0
797,797.0,130488.0
798,798.0,173000.0
799,799.0,146812.0
800,800.0,130488.0
801,801.0,179167.0
802,802.0,235324.0
803,803.0,319062.0
804,804.0,158900.0
805,805.0,225000.0
806,806.0,459225.0
807,807.0,275374.0
808,808.0,130488.0
809,809.0,176950.0
810,810.0,215000.0
811,811.0,198300.0
812,812.0,183925.0
813,813.0,179167.0
814,814.0,168933.0
815,815.0,205250.0
816,816.0,170883.0
817,817.0,146125.0
818,818.0,126125.0
819,819.0,121458.0
820,820.0,187617.0
821,821.0,204091.0
822,822.0,110665.0
823,823.0,110665.0
824,824.0,145433.0
825,825.0,119689.0
826,826.0,345450.0
827,827.0,288536.0
828,828.0,445500.0
829,829.0,345450.0
830,830.0,235324.0
831,831.0,526667.0
832,832.0,526667.0
833,833.0,345450.0
834,834.0,396449.0
835,835.0,277000.0
836,836.0,224728.0
837,837.0,288536.0
838,838.0,345450.0
839,839.0,271000.0
840,840.0,227116.0
841,841.0,230614.0
842,842.0,243358.0
843,843.0,265034.0
844,844.0,198225.0
845,845.0,198225.0
846,846.0,204925.0
847,847.0,221800.0
848,848.0,221800.0
849,849.0,184067.0
850,850.0,200000.0
851,851.0,172383.0
852,852.0,177633.0
853,853.0,165225.0
854,854.0,177633.0
855,855.0,173047.0
856,856.0,205617.0
857,857.0,177633.0
858,858.0,160506.0
859,859.0,159515.0
860,860.0,198667.0
861,861.0,159515.0
862,862.0,153667.0
863,863.0,163480.0
864,864.0,219233.0
865,865.0,143000.0
866,866.0,214750.0
867,867.0,198300.0
868,868.0,212300.0
869,869.0,212300.0
870,870.0,345450.0
871,871.0,325500.0
872,872.0,232000.0
873,873.0,235333.0
874,874.0,211633.0
875,875.0,325500.0
876,876.0,216065.0
877,877.0,445500.0
878,878.0,222667.0
879,879.0,526667.0
880,880.0,222667.0
881,881.0,222667.0
882,882.0,214266.0
883,883.0,231300.0
884,884.0,232200.0
885,885.0,216065.0
886,886.0,216065.0
887,887.0,227116.0
888,888.0,212480.0
889,889.0,280580.0
890,890.0,243200.0
891,891.0,243358.0
892,892.0,280667.0
893,893.0,138950.0
894,894.0,192450.0
895,895.0,152400.0
896,896.0,198667.0
897,897.0,214750.0
898,898.0,132997.0
899,899.0,121875.0
900,900.0,151800.0
901,901.0,310163.0
902,902.0,145433.0
903,903.0,158357.0
904,904.0,204091.0
905,905.0,156507.0
906,906.0,203875.0
907,907.0,183333.0
908,908.0,225000.0
909,909.0,178200.0
910,910.0,178200.0
911,911.0,216065.0
912,912.0,200000.0
913,913.0,276000.0
914,914.0,231250.0
915,915.0,237150.0
916,916.0,237150.0
917,917.0,126660.0
918,918.0,209945.0
919,919.0,137214.0
920,920.0,151067.0
921,921.0,179856.0
922,922.0,309500.0
923,923.0,207500.0
924,924.0,143750.0
925,925.0,138246.0
926,926.0,137329.0
927,927.0,126660.0
928,928.0,112667.0
929,929.0,126660.0
930,930.0,128833.0
931,931.0,112300.0
932,932.0,154000.0
933,933.0,126660.0
934,934.0,199633.0
935,935.0,130488.0
936,936.0,199500.0
937,937.0,132933.0
938,938.0,83554.0
939,939.0,83554.0
940,940.0,126125.0
941,941.0,128967.0
942,942.0,238967.0
943,943.0,143667.0
944,944.0,162800.0
945,945.0,138833.0
946,946.0,126167.0
947,947.0,130637.0
948,948.0,130488.0
949,949.0,153000.0
950,950.0,122133.0
951,951.0,152000.0
952,952.0,140425.0
953,953.0,137329.0
954,954.0,173950.0
955,955.0,125767.0
956,956.0,129157.0
957,957.0,120910.0
958,958.0,141540.0
959,959.0,125767.0
960,960.0,190333.0
961,961.0,117483.0
962,962.0,141540.0
963,963.0,141540.0
964,964.0,310163.0
965,965.0,138833.0
966,966.0,130833.0
967,967.0,130833.0
968,968.0,121458.0
969,969.0,117071.0
970,970.0,96313.0
971,971.0,142250.0
972,972.0,156500.0
973,973.0,156500.0
974,974.0,160650.0
975,975.0,81044.0
976,976.0,121458.0
977,977.0,112200.0
978,978.0,132933.0
979,979.0,118567.0
980,980.0,128000.0
981,981.0,118333.0
982,982.0,111650.0
983,983.0,147000.0
984,984.0,103433.0
985,985.0,146865.0
986,986.0,199633.0
987,987.0,199167.0
988,988.0,114511.0
989,989.0,211500.0
990,990.0,101427.0
991,991.0,141833.0
992,992.0,81044.0
993,993.0,136208.0
994,994.0,94642.0
995,995.0,112200.0
996,996.0,112534.0
997,997.0,112534.0
998,998.0,118333.0
999,999.0,112967.0
1000,1000.0,89275.0
1001,1001.0,111650.0
1002,1002.0,103433.0
1003,1003.0,192957.0
1004,1004.0,109780.0
1005,1005.0,109780.0
1006,1006.0,109817.0
1007,1007.0,98167.0
1008,1008.0,112036.0
1009,1009.0,171667.0
1010,1010.0,192957.0
1011,1011.0,278500.0
1012,1012.0,125767.0
1013,1013.0,148725.0
1014,1014.0,147000.0
1015,1015.0,112534.0
1016,1016.0,138246.0
1017,1017.0,137250.0
1018,1018.0,126167.0
1019,1019.0,146150.0
1020,1020.0,137329.0
1021,1021.0,138833.0
1022,1022.0,120910.0
1023,1023.0,126125.0
1024,1024.0,112300.0
1025,1025.0,140425.0
1026,1026.0,208250.0
1027,1027.0,117750.0
1028,1028.0,158900.0
1029,1029.0,140425.0
1030,1030.0,116165.0
1031,1031.0,165725.0
1032,1032.0,117868.0
1033,1033.0,141833.0
1034,1034.0,111792.0
1035,1035.0,234517.0
1036,1036.0,141540.0
1037,1037.0,125767.0
1038,1038.0,122000.0
1039,1039.0,138950.0
1040,1040.0,130488.0
1041,1041.0,141540.0
1042,1042.0,112036.0
1043,1043.0,193250.0
1044,1044.0,200167.0
1045,1045.0,222000.0
1046,1046.0,218521.0
1047,1047.0,222000.0
1048,1048.0,230614.0
1049,1049.0,214900.0
1050,1050.0,184067.0
1051,1051.0,224728.0
1052,1052.0,258833.0
1053,1053.0,179856.0
1054,1054.0,158580.0
1055,1055.0,143000.0
1056,1056.0,138950.0
1057,1057.0,153667.0
1058,1058.0,247988.0
1059,1059.0,193833.0
1060,1060.0,227116.0
1061,1061.0,238767.0
1062,1062.0,140150.0
1063,1063.0,138950.0
1064,1064.0,150250.0
1065,1065.0,150250.0
1066,1066.0,121875.0
1067,1067.0,125490.0
1068,1068.0,139867.0
1069,1069.0,143000.0
1070,1070.0,271750.0
1071,1071.0,238767.0
1072,1072.0,209850.0
1073,1073.0,241750.0
1074,1074.0,307000.0
1075,1075.0,187167.0
1076,1076.0,183333.0
1077,1077.0,172383.0
1078,1078.0,184950.0
1079,1079.0,192450.0
1080,1080.0,172383.0
1081,1081.0,177633.0
1082,1082.0,119689.0
1083,1083.0,130637.0
1084,1084.0,112967.0
1085,1085.0,146667.0
1086,1086.0,146150.0
1087,1087.0,191667.0
1088,1088.0,169450.0
1089,1089.0,364450.0
1090,1090.0,150667.0
1091,1091.0,126125.0
1092,1092.0,120667.0
1093,1093.0,130488.0
1094,1094.0,88750.0
1095,1095.0,81044.0
1096,1096.0,114488.0
1097,1097.0,177868.0
1098,1098.0,130488.0
1099,1099.0,101427.0
1100,1100.0,117750.0
1101,1101.0,78300.0
1102,1102.0,112534.0
1103,1103.0,151333.0
1104,1104.0,104250.0
1105,1105.0,146865.0
1106,1106.0,109817.0
1107,1107.0,173950.0
1108,1108.0,165725.0
1109,1109.0,122833.0
1110,1110.0,241750.0
1111,1111.0,159000.0
1112,1112.0,130802.0
1113,1113.0,156500.0
1114,1114.0,109780.0
1115,1115.0,141540.0
1116,1116.0,188607.0
1117,1117.0,112036.0
1118,1118.0,92017.0
1119,1119.0,177667.0
1120,1120.0,146125.0
1121,1121.0,142250.0
1122,1122.0,354885.0
1123,1123.0,150250.0
1124,1124.0,216065.0
1125,1125.0,204091.0
1126,1126.0,222375.0
1127,1127.0,125490.0
1128,1128.0,151800.0
1129,1129.0,165725.0
1130,1130.0,201238.0
1131,1131.0,243358.0
1132,1132.0,243358.0
1133,1133.0,172000.0
1134,1134.0,173875.0
1135,1135.0,271750.0
1136,1136.0,237331.0
1137,1137.0,231300.0
1138,1138.0,218521.0
1139,1139.0,171667.0
1140,1140.0,127100.0
1141,1141.0,122000.0
1142,1142.0,81044.0
1143,1143.0,113000.0
1144,1144.0,110665.0
1145,1145.0,150250.0
1146,1146.0,155500.0
1147,1147.0,277533.0
1148,1148.0,158000.0
1149,1149.0,127250.0
1150,1150.0,160667.0
1151,1151.0,158357.0
1152,1152.0,126071.0
1153,1153.0,126071.0
1154,1154.0,130488.0
1155,1155.0,130700.0
1156,1156.0,255500.0
1157,1157.0,136625.0
1158,1158.0,209333.0
1159,1159.0,189000.0
1160,1160.0,214750.0
1161,1161.0,198300.0
1162,1162.0,222500.0
1163,1163.0,275374.0
1164,1164.0,241750.0
1165,1165.0,200000.0
1166,1166.0,130488.0
1167,1167.0,365208.0
1168,1168.0,365208.0
1169,1169.0,264483.0
1170,1170.0,282000.0
1171,1171.0,352912.0
1172,1172.0,354885.0
1173,1173.0,459225.0
1174,1174.0,149000.0
1175,1175.0,211633.0
1176,1176.0,148775.0
1177,1177.0,238767.0
1178,1178.0,169050.0
1179,1179.0,153667.0
1180,1180.0,124250.0
1181,1181.0,204091.0
1182,1182.0,122833.0
1183,1183.0,122833.0
1184,1184.0,91500.0
1185,1185.0,89500.0
1186,1186.0,118000.0
1187,1187.0,145433.0
1188,1188.0,138950.0
1189,1189.0,138950.0
1190,1190.0,127100.0
1191,1191.0,230614.0
1192,1192.0,218521.0
1193,1193.0,218521.0
1194,1194.0,526667.0
1195,1195.0,306060.0
1196,1196.0,312897.0
1197,1197.0,247988.0
1198,1198.0,280667.0
1199,1199.0,232200.0
1200,1200.0,345450.0
1201,1201.0,526667.0
1202,1202.0,214266.0
1203,1203.0,221800.0
1204,1204.0,319062.0
1205,1205.0,322133.0
1206,1206.0,132997.0
1207,1207.0,177633.0
1208,1208.0,196112.0
1209,1209.0,235324.0
1210,1210.0,177633.0
1211,1211.0,159515.0
1212,1212.0,219233.0
1213,1213.0,219233.0
1214,1214.0,159515.0
1215,1215.0,212300.0
1216,1216.0,214633.0
1217,1217.0,264483.0
1218,1218.0,289700.0
1219,1219.0,235324.0
1220,1220.0,325500.0
1221,1221.0,352912.0
1222,1222.0,505625.0
1223,1223.0,325500.0
1224,1224.0,302000.0
1225,1225.0,280667.0
1226,1226.0,351291.0
1227,1227.0,219233.0
1228,1228.0,216065.0
1229,1229.0,445500.0
1230,1230.0,212580.0
1231,1231.0,156507.0
1232,1232.0,216065.0
1233,1233.0,192450.0
1234,1234.0,212300.0
1235,1235.0,204500.0
1236,1236.0,272600.0
1237,1237.0,198300.0
1238,1238.0,181250.0
1239,1239.0,130488.0
1240,1240.0,158000.0
1241,1241.0,124250.0
1242,1242.0,165725.0
1243,1243.0,158357.0
1244,1244.0,119689.0
1245,1245.0,120910.0
1246,1246.0,124250.0
1247,1247.0,126167.0
1248,1248.0,112200.0
1249,1249.0,112200.0
1250,1250.0,237150.0
1251,1251.0,310163.0
1252,1252.0,184067.0
1253,1253.0,153457.0
1254,1254.0,172500.0
1255,1255.0,143000.0
1256,1256.0,202333.0
1257,1257.0,225000.0
1258,1258.0,151067.0
1259,1259.0,146812.0
1260,1260.0,143750.0
1261,1261.0,191667.0
1262,1262.0,138833.0
1263,1263.0,119689.0
1264,1264.0,143667.0
1265,1265.0,146667.0
1266,1266.0,201238.0
1267,1267.0,164338.0
1268,1268.0,158000.0
1269,1269.0,160650.0
1270,1270.0,112200.0
1271,1271.0,111792.0
1272,1272.0,152000.0
1273,1273.0,147000.0
1274,1274.0,130700.0
1275,1275.0,147417.0
1276,1276.0,129000.0
1277,1277.0,140450.0
1278,1278.0,152000.0
1279,1279.0,126660.0
1280,1280.0,156500.0
1281,1281.0,139225.0
1282,1282.0,130700.0
1283,1283.0,152000.0
1284,1284.0,142250.0
1285,1285.0,132000.0
1286,1286.0,147000.0
1287,1287.0,130637.0
1288,1288.0,129157.0
1289,1289.0,128967.0
1290,1290.0,129000.0
1291,1291.0,171667.0
1292,1292.0,117868.0
1293,1293.0,311493.0
1294,1294.0,107967.0
1295,1295.0,89275.0
1296,1296.0,84709.0
1297,1297.0,89275.0
1298,1298.0,146489.0
1299,1299.0,148317.0
1300,1300.0,138246.0
1301,1301.0,137862.0
1302,1302.0,160667.0
1303,1303.0,147000.0
1304,1304.0,197475.0
1305,1305.0,148317.0
1306,1306.0,96313.0
1307,1307.0,139533.0
1308,1308.0,152000.0
1309,1309.0,141750.0
1310,1310.0,125767.0
1311,1311.0,143667.0
1312,1312.0,193833.0
1313,1313.0,141314.0
1314,1314.0,146865.0
1315,1315.0,107967.0
1316,1316.0,128780.0
1317,1317.0,117750.0
1318,1318.0,132500.0
1319,1319.0,96313.0
1320,1320.0,112036.0
1321,1321.0,122833.0
1322,1322.0,112534.0
1323,1323.0,125767.0
1324,1324.0,148317.0
1325,1325.0,97917.0
1326,1326.0,103433.0
1327,1327.0,112036.0
1328,1328.0,192957.0
1329,1329.0,78300.0
1330,1330.0,124250.0
1331,1331.0,104250.0
1332,1332.0,146865.0
1333,1333.0,103433.0
1334,1334.0,112534.0
1335,1335.0,112036.0
1336,1336.0,140450.0
1337,1337.0,114511.0
1338,1338.0,109780.0
1339,1339.0,83554.0
1340,1340.0,107967.0
1341,1341.0,104250.0
1342,1342.0,209333.0
1343,1343.0,147000.0
1344,1344.0,111650.0
1345,1345.0,112036.0
1346,1346.0,161667.0
1347,1347.0,152475.0
1348,1348.0,119689.0
1349,1349.0,138246.0
1350,1350.0,155000.0
1351,1351.0,150668.0
1352,1352.0,206500.0
1353,1353.0,206500.0
1354,1354.0,117483.0
1355,1355.0,173950.0
1356,1356.0,130637.0
1357,1357.0,138833.0
1358,1358.0,166800.0
1359,1359.0,141750.0
1360,1360.0,118333.0
1361,1361.0,171667.0
1362,1362.0,283297.0
1363,1363.0,209333.0
1364,1364.0,208250.0
1365,1365.0,137329.0
1366,1366.0,137467.0
1367,1367.0,179856.0
1368,1368.0,172000.0
1369,1369.0,232200.0
1370,1370.0,184067.0
1371,1371.0,260000.0
1372,1372.0,351291.0
1373,1373.0,235324.0
1374,1374.0,243358.0
1375,1375.0,169050.0
1376,1376.0,151067.0
1377,1377.0,147000.0
1378,1378.0,204500.0
1379,1379.0,204091.0
1380,1380.0,193833.0
1381,1381.0,213700.0
1382,1382.0,137330.0
1383,1383.0,150250.0
1384,1384.0,139867.0
1385,1385.0,203250.0
1386,1386.0,193833.0
1387,1387.0,183333.0
1388,1388.0,227116.0
1389,1389.0,238333.0
1390,1390.0,214633.0
1391,1391.0,270395.0
1392,1392.0,270395.0
1393,1393.0,126071.0
1394,1394.0,204091.0
1395,1395.0,224728.0
1396,1396.0,172383.0
1397,1397.0,184950.0
1398,1398.0,113145.0
1399,1399.0,145433.0
1400,1400.0,125980.0
1401,1401.0,209850.0
1402,1402.0,140150.0
1403,1403.0,247988.0
1404,1404.0,152400.0
1405,1405.0,143000.0
1406,1406.0,89275.0
1407,1407.0,112967.0
1408,1408.0,146865.0
1409,1409.0,209945.0
1410,1410.0,87817.0
1411,1411.0,88750.0
1412,1412.0,111792.0
1413,1413.0,141314.0
1414,1414.0,125767.0
1415,1415.0,168500.0
1416,1416.0,148725.0
1417,1417.0,146865.0
1418,1418.0,155417.0
1419,1419.0,118333.0
1420,1420.0,146865.0
1421,1421.0,155417.0
1422,1422.0,170883.0
1423,1423.0,214833.0
1424,1424.0,214833.0
1425,1425.0,153000.0
1426,1426.0,112036.0
1427,1427.0,107967.0
1428,1428.0,84709.0
1429,1429.0,89275.0
1430,1430.0,137467.0
1431,1431.0,84709.0
1432,1432.0,96313.0
1433,1433.0,78300.0
1434,1434.0,354885.0
1435,1435.0,354885.0
1436,1436.0,210580.0
1437,1437.0,206500.0
1438,1438.0,219233.0
1439,1439.0,168933.0
1440,1440.0,140450.0
1441,1441.0,183333.0
1442,1442.0,301488.0
1443,1443.0,375331.0
1444,1444.0,147000.0
1445,1445.0,186050.0
1446,1446.0,132997.0
1447,1447.0,127250.0
1448,1448.0,238967.0
1449,1449.0,88000.0
1450,1450.0,122000.0
1451,1451.0,138950.0
1452,1452.0,81044.0
1453,1453.0,103167.0
1454,1454.0,103167.0
1455,1455.0,81044.0
1456,1456.0,172500.0
1457,1457.0,121875.0
1458,1458.0,278500.0
1459,1459.0,138246.0
1460,1460.0,145000.0
1461,1461.0,351291.0
1462,1462.0,121458.0
1463,1463.0,154100.0
1464,1464.0,138833.0
1465,1465.0,126992.0
1466,1466.0,105733.0
1467,1467.0,204925.0
1468,1468.0,187567.0
1469,1469.0,146150.0
1470,1470.0,222375.0
1471,1471.0,148967.0
1472,1472.0,125767.0
1473,1473.0,103433.0
1474,1474.0,265034.0
1475,1475.0,130833.0
1476,1476.0,147000.0
1477,1477.0,204091.0
1478,1478.0,151333.0
1479,1479.0,137330.0
1480,1480.0,117071.0
1481,1481.0,160650.0
1482,1482.0,374175.0
1483,1483.0,129157.0
1484,1484.0,141967.0
1485,1485.0,345450.0
1486,1486.0,129000.0
1487,1487.0,177868.0
1488,1488.0,163480.0
1489,1489.0,154700.0
1490,1490.0,145433.0
1491,1491.0,349403.0
1492,1492.0,271000.0
1493,1493.0,209945.0
1494,1494.0,152400.0
1495,1495.0,229502.0
1496,1496.0,199500.0
1497,1497.0,279105.0
1498,1498.0,132000.0
1499,1499.0,252950.0
1500,1500.0,146865.0
1501,1501.0,232000.0
1502,1502.0,280167.0
1503,1503.0,216793.0
1504,1504.0,112300.0
1505,1505.0,117483.0
1506,1506.0,137467.0
1507,1507.0,365439.0
1508,1508.0,192957.0
1509,1509.0,223000.0
1510,1510.0,148725.0
1511,1511.0,176333.0
1512,1512.0,198826.0
1513,1513.0,396449.0
1514,1514.0,163450.0
1515,1515.0,187567.0
1516,1516.0,138246.0
1517,1517.0,229502.0
1518,1518.0,319062.0
1519,1519.0,224728.0
1520,1520.0,301488.0
1521,1521.0,81044.0
1522,1522.0,193921.0
1523,1523.0,89275.0
1524,1524.0,153457.0
1525,1525.0,114488.0
1526,1526.0,226274.0
1527,1527.0,143000.0
1528,1528.0,98167.0
1529,1529.0,140425.0
1530,1530.0,237150.0
1531,1531.0,203250.0
1532,1532.0,158900.0
1533,1533.0,123274.0
1534,1534.0,114488.0
1535,1535.0,172000.0
1536,1536.0,222375.0
1537,1537.0,222500.0
1538,1538.0,128780.0
1539,1539.0,235333.0
1540,1540.0,137467.0
1541,1541.0,122133.0
1542,1542.0,158900.0
1543,1543.0,141314.0
1544,1544.0,118650.0
1545,1545.0,231250.0
1546,1546.0,116165.0
1547,1547.0,121458.0
1548,1548.0,229502.0
1549,1549.0,153000.0
1550,1550.0,289700.0
1551,1551.0,114511.0
1552,1552.0,325500.0
1553,1553.0,138246.0
1554,1554.0,209945.0
1555,1555.0,219233.0
1556,1556.0,146150.0
1557,1557.0,153457.0
1558,1558.0,208250.0
1559,1559.0,114511.0
